﻿Color,Label,Group
#FFA500,Alphaproteobacteria,Tax
#b23256,Acidobacteriota,Tax
#8bc24c,Actinobacteriota,Tax
#2196F3,Bacteroidota,Tax
#3B3B98,Chloroflexota,Tax
#7F95D1,Deinococcota,Tax
#b4bb72,Fibrobacterota,Tax
#8A4B08,Firmicutes,Tax
#FFD700,Gammaproteobacteria,Tax
#d9534f,Myxococcota,Tax
white,no,Tax
#E09220,novel_GTDB,Tax
#FFC48C,novel_plant,Tax
#cfcecc,Others,Tax
#86519D,Patescibacteria,Tax
#EE4C97,Spirochaetota,Tax
#2B5A41,Verrucomicrobiota,Tax
#2694ab,Desulfobacterota,Tax
#7F95D1,Firmicutes_A,Tax
#008080,Yes,Tax
#e59572,Carbohydrate metabolism,Superpath
#2694ab,Amino acid metabolism,Superpath
#d9534f,Energy metabolism,Superpath
#f6d04d,Membrane transport,Superpath
#d9d9f3,Metabolism of cofactors and vitamins,Superpath
#8bc24c,Signal transduction,Superpath
#96ceb4,Cellular community - prokaryotes,Superpath
#EAFFD0,Xenobiotics biodegradation and metabolism,Superpath
#A94CAF,Lipid metabolism,Superpath
#0000A1,Replication and repair,Superpath
#a47c64,Nucleotide metabolism,Superpath
#D3E397,Translation,Superpath
#20854E,Metabolism of other amino acids,Superpath
#7876B1,Glycan biosynthesis and metabolism,Superpath
#EE4C97,Biosynthesis of other secondary metabolites,Superpath
#837B8D,"Folding, sorting and degradation",Superpath
#3D3B25,Cell motility,Superpath
#56c0ff,Cell growth and death,Superpath
#fc2403,Metabolism of terpenoids and polyketides,Superpath
#03ffe6,Drug resistance: antimicrobial,Superpath
#aa0012,Transport and catabolism,Superpath
#121457,Transcription,Superpath
#bc8420,Immune system,Superpath
#527C5A,lysogenic,Virus
#E76F51,lytic,Virus
#cfcecc,unknown,Virus
#FADFE8,Rhizobiaceae,Virus
#F4F1E2,Pseudomonadaceae,Virus
#E2F4F4,Aeromonadaceae,Virus
#EEE2F4,Enterobacteriaceae,Virus
#E3F4E2,Xanthomonadaceae,Virus
#FEFFBB94,Burkholderiaceae,Virus
#7FC97F,Multi-crops multizonal,Virus
#BEAED4,Single-crop multizonal,Virus
#FDC086,Single-crop regional,Virus
#FFFF99,Rare,Virus
