﻿Type,system,Mechanism
CAS_Class1-Subtype-I-A,Cas,Degrading nucleic acids
CAS_Class1-Subtype-I-B,Cas,Degrading nucleic acids
CAS_Class1-Subtype-I-C,Cas,Degrading nucleic acids
CAS_Class1-Subtype-I-D,Cas,Degrading nucleic acids
CAS_Class1-Subtype-I-E,Cas,Degrading nucleic acids
CAS_Class1-Subtype-I-F,Cas,Degrading nucleic acids
CAS_Class1-Subtype-I-G,Cas,Degrading nucleic acids
CAS_Class1-Subtype-III-A,Cas,Degrading nucleic acids
CAS_Class1-Subtype-III-B,Cas,Degrading nucleic acids
CAS_Class1-Subtype-III-C,Cas,Degrading nucleic acids
CAS_Class1-Subtype-III-D,Cas,Degrading nucleic acids
CAS_Class1-Subtype-III-E,Cas,Degrading nucleic acids
CAS_Class1-Subtype-III-F,Cas,Degrading nucleic acids
CAS_Class1-Subtype-IV-A,Cas,Degrading nucleic acids
CAS_Class1-Subtype-IV-B,Cas,Degrading nucleic acids
CAS_Class1-Subtype-IV-C,Cas,Degrading nucleic acids
CAS_Class1-Type-I,Cas,Degrading nucleic acids
CAS_Class1-Type-III,Cas,Degrading nucleic acids
CAS_Class1-Type-IV,Cas,Degrading nucleic acids
CAS_Class2-Subtype-II-A,Cas,Degrading nucleic acids
CAS_Class2-Subtype-II-B,Cas,Degrading nucleic acids
CAS_Class2-Subtype-II-C,Cas,Degrading nucleic acids
CAS_Class2-Subtype-V-A,Cas,Degrading nucleic acids
CAS_Class2-Subtype-V-B,Cas,Degrading nucleic acids
CAS_Class2-Subtype-V-C,Cas,Degrading nucleic acids
CAS_Class2-Subtype-V-D,Cas,Degrading nucleic acids
CAS_Class2-Subtype-V-E,Cas,Degrading nucleic acids
CAS_Class2-Subtype-V-F,Cas,Degrading nucleic acids
CAS_Class2-Subtype-V-G,Cas,Degrading nucleic acids
CAS_Class2-Subtype-V-H,Cas,Degrading nucleic acids
CAS_Class2-Subtype-V-I,Cas,Degrading nucleic acids
CAS_Class2-Subtype-V-K,Cas,Degrading nucleic acids
CAS_Class2-Subtype-VI-A,Cas,Degrading nucleic acids
CAS_Class2-Subtype-VI-B,Cas,Degrading nucleic acids
CAS_Class2-Subtype-VI-C,Cas,Degrading nucleic acids
CAS_Class2-Subtype-VI-D,Cas,Degrading nucleic acids
CAS_Class2-Type-II,Cas,Degrading nucleic acids
CAS_Class2-Type-V,Cas,Degrading nucleic acids
CAS_Class2-Type-VI,Cas,Degrading nucleic acids
CAS_Cluster,Cas,Degrading nucleic acids
Abi2,Abi2,Abortive Infection
AbiEii,AbiEii,Abortive Infection
AbiH,AbiH,Abortive Infection
BstA,BstA,Abortive Infection
DISARM_1,DISARM,Degrading nucleic acids
DISARM_2,DISARM,Degrading nucleic acids
Gabija,Gabija,Unknown
Gao_Ape,Gao_Ape,Unknown
Gao_Hhe,Gao_Hhe,Unknown
Gao_Iet,Gao_Iet,Unknown
Gao_Mza,Gao_Mza,Unknown
Gao_Ppl,Gao_Ppl,Unknown
Gao_TerY,Gao_TerY,Unknown
Gao_Tmn,Gao_Tmn,Unknown
Gao_Upx,Gao_Upx,Unknown
GasderMIN,GasderMIN,Abortive Infection
Kiwa,Kiwa,Unknown
Lamassu,Lamassu,Unknown
Lit,Lit,Abortive Infection
Nhi,Nhi,Degrading nucleic acids
NixI,NixI,Unknown
Pif,Pif,Abortive Infection
radar_I,RADAR,DNA synthesis inhibition
radar_II,RADAR,DNA synthesis inhibition
RexAB,RexAB,Abortive Infection
Rst_3HP,Rst_3HP,Unknown
Rst_DUF4238,Rst_DUF4238,Unknown
Rst_DprA-PPRT,Rst_DprA-PPRT,Unknown
Rst_HelicaseDUF2290,Rst_HelicaseDUF2290,Unknown
Rst_Hydrolase-Tm,Rst_Hydrolase-3Tm,Unknown
Rst_RT-Tm,Rst_RT-nitrilase-Tm,Unknown
Rst_TIR-NLR,Rst_TIR-NLR,Unknown
Shedu,Shedu,Unknown
Stk2,Stk2,Abortive Infection
Viperin,Viperin,DNA synthesis inhibition
dCTPdeaminase,dCTPdeaminase,DNA synthesis inhibition
dGTPase,dGTPase,DNA synthesis inhibition
AVAST_I,AVAST,Unknown
AVAST_II,AVAST,Unknown
AVAST_III,AVAST,Unknown
AVAST_IV,AVAST,Unknown
AVAST_V,AVAST,Unknown
DRT_1,DRT,Unknown
DRT_2,DRT,Unknown
DRT_3,DRT,Unknown
DRT_4,DRT,Unknown
DRT_5,DRT,Unknown
DarTG,DarTG,Abortive Infection
Dsr_I,Dsr,Unknown
Dsr_II,Dsr,Unknown
Gao_RL,Gao_RL,Unknown
Rst_2TM_1TM_TIR,Rst_2TM_1TM_TIR,Unknown
Rst_Old_Tin,Rst_Old_Tin,Unknown
Rst_gop_beta_cll,Rst_gop_beta_cll,Unknown
Septu,Septu,Unknown
Wadjet,Wadjet,Unknown
Wadjet_I,Wadjet,Unknown
Wadjet_II,Wadjet,Unknown
Wadjet_III,Wadjet,Unknown
Druantia_I,Druantia,Unknown
Druantia_II,Druantia,Unknown
Druantia_III,Druantia,Unknown
Gao_Her_DUF,Gao_Her,Unknown
Gao_Her_SIR,Gao_Her,Unknown
Gao_Qat,Gao_Qat,Unknown
PARIS_I,Rst_PARIS,Abortive Infection
PARIS_II,Rst_PARIS,Abortive Infection
PARIS_II_merge,Rst_PARIS,Abortive Infection
PARIS_I_merge,Rst_PARIS,Abortive Infection
Thoeris_I,Thoeris,Abortive Infection
Thoeris_II,Thoeris,Abortive Infection
Dnd_ABCDE,Dnd,Degrading nucleic acids
Dnd_ABCDEFGH,Dnd,Degrading nucleic acids
Hachiman,Hachiman,Unknown
SspBCDE,SspBCDE,Degrading nucleic acids
Zorya_TypeI,Zorya,Unknown
Zorya_TypeII,Zorya,Unknown
BREX,BREX,Degrading nucleic acids
BREX_I,BREX,Degrading nucleic acids
BREX_II,BREX,Degrading nucleic acids
BREX_III,BREX,Degrading nucleic acids
BREX_IV,BREX,Degrading nucleic acids
BREX_V,BREX,Degrading nucleic acids
BREX_VI,BREX,Degrading nucleic acids
CBASS,CBASS,Abortive Infection
CBASS_I,CBASS,Abortive Infection
CBASS_II,CBASS,Abortive Infection
CBASS_III,CBASS,Abortive Infection
CBASS_IV,CBASS,Abortive Infection
Retron_II,Retron,Abortive Infection
Retron_III,Retron,Abortive Infection
Retron_IV,Retron,Abortive Infection
Retron_IX,Retron,Abortive Infection
Retron_I_A,Retron,Abortive Infection
Retron_I_B,Retron,Abortive Infection
Retron_I_C,Retron,Abortive Infection
Retron_V,Retron,Abortive Infection
Retron_VI,Retron,Abortive Infection
Retron_VIII,Retron,Abortive Infection
Retron_VII_1,Retron,Abortive Infection
Retron_VII_2,Retron,Abortive Infection
Retron_X,Retron,Abortive Infection
Retron_XI,Retron,Abortive Infection
Retron_XII,Retron,Abortive Infection
Retron_XIII,Retron,Abortive Infection
PrrC,PrrC,Abortive Infection
RM_Type_I,RM,Degrading nucleic acids
RM_Type_II,RM,Degrading nucleic acids
RM_Type_IIG,RM,Degrading nucleic acids
RM_Type_III,RM,Degrading nucleic acids
RM_Type_IV,RM,Degrading nucleic acids
